"Szulo","Gyermek","Datumtol","Datumig","Mennyiseg","X"
"3/3","7/5","2000-01-01 00:00:00","2099-12-31 00:00:00","0.00037","False"
"3/3","7/25","2000-01-01 00:00:00","2099-12-31 00:00:00","0.00293","False"
"3/3","7/27","2000-01-01 00:00:00","2099-12-31 00:00:00","0.00147","False"
"3/3","7/6","2000-01-01 00:00:00","2099-12-31 00:00:00","0.0375","False"
"3/3","7/13","2000-01-01 00:00:00","2099-12-31 00:00:00","0.0002","False"
"4/2","7/2","2000-01-01 00:00:00","2099-12-31 00:00:00","0.06924","False"
"4/2","7/43","2000-01-01 00:00:00","2099-12-31 00:00:00","0.00692","False"
"4/2","7/15","2000-01-01 00:00:00","2099-12-31 00:00:00","0.00138","False"
"4/2","7/29","2000-01-01 00:00:00","2099-12-31 00:00:00","0.01384","False"
"4/2","7/6","2000-01-01 00:00:00","2099-12-31 00:00:00","0.0366","False"
"4/2","7/13","2000-01-01 00:00:00","2099-12-31 00:00:00","0.0002","False"
"3/3","7/19","2000-01-01 00:00:00","2099-12-31 00:00:00","0.0105","False"
"4/1","7/2","2000-01-01 00:00:00","2099-12-31 00:00:00","0.059","False"
"4/1","7/43","2000-01-01 00:00:00","2099-12-31 00:00:00","0.002","False"
"4/1","7/16","2000-01-01 00:00:00","2099-12-31 00:00:00","0.026","False"
"4/1","7/6","2000-01-01 00:00:00","2099-12-31 00:00:00","0.0195","False"
"4/1","7/13","2000-01-01 00:00:00","2099-12-31 00:00:00","0.0118","False"
"4/1","7/42","2000-01-01 00:00:00","2099-12-31 00:00:00","0.011","False"
"5/1","7/15","2000-01-01 00:00:00","2099-12-31 00:00:00","0.026","False"
"5/12","7/2","2000-01-01 00:00:00","2099-12-31 00:00:00","0.052","False"
"5/12","7/43","2000-01-01 00:00:00","2099-12-31 00:00:00","0.0021","False"
"5/12","7/15","2000-01-01 00:00:00","2099-12-31 00:00:00","0.00074","False"
"5/12","7/16","2000-01-01 00:00:00","2099-12-31 00:00:00","0.00303","False"
"5/12","7/45","2000-01-01 00:00:00","2099-12-31 00:00:00","0.0197","False"
"5/12","7/6","2000-01-01 00:00:00","2099-12-31 00:00:00","0.0299","False"
"5/12","7/19","2000-01-01 00:00:00","2099-12-31 00:00:00","0.02625","False"
"5/18","7/2","2000-01-01 00:00:00","2099-12-31 00:00:00","0.03475","False"
"5/18","7/49","2000-01-01 00:00:00","2099-12-31 00:00:00","0.00104","False"
"5/18","7/15","2000-01-01 00:00:00","2099-12-31 00:00:00","0.0007","False"
"5/18","7/56","2000-01-01 00:00:00","2099-12-31 00:00:00","0.00035","False"
"5/18","7/51","2000-01-01 00:00:00","2099-12-31 00:00:00","0.00017","False"
"5/18","7/6","2000-01-01 00:00:00","2099-12-31 00:00:00","0.04738","False"
"5/18","7/44","2000-01-01 00:00:00","2099-12-31 00:00:00","0.01911","False"
"5/18","7/52","2000-01-01 00:00:00","2099-12-31 00:00:00","0.012","False"
"5/18","7/35","2000-01-01 00:00:00","2099-12-31 00:00:00","0.002","False"
"5/4","7/2","2000-01-01 00:00:00","2099-12-31 00:00:00","0.052","False"
"5/4","7/43","2000-01-01 00:00:00","2099-12-31 00:00:00","0.0021","False"
"5/4","7/15","2000-01-01 00:00:00","2099-12-31 00:00:00","0.00066","False"
"5/4","7/16","2000-01-01 00:00:00","2099-12-31 00:00:00","0.01028","False"
"5/4","7/45","2000-01-01 00:00:00","2099-12-31 00:00:00","0.0197","False"
"5/4","7/6","2000-01-01 00:00:00","2099-12-31 00:00:00","0.0299","False"
"5/4","7/40","2000-01-01 00:00:00","2099-12-31 00:00:00","0.03889","False"
"5/4","7/35","2000-01-01 00:00:00","2099-12-31 00:00:00","0.002","False"
"5/6","7/2","2000-01-01 00:00:00","2099-12-31 00:00:00","0.052","False"
"5/6","7/43","2000-01-01 00:00:00","2099-12-31 00:00:00","0.0021","False"
"5/6","7/15","2000-01-01 00:00:00","2099-12-31 00:00:00","0.00066","False"
"4/1","7/95","2000-01-01 00:00:00","2099-12-31 00:00:00","0.00033","False"
"5/12","5/56","2000-01-01 00:00:00","2099-12-31 00:00:00","0.00026","False"
"5/14","7/68","2000-01-01 00:00:00","2099-12-31 00:00:00","0.0078","False"
"5/4","7/68","2000-01-01 00:00:00","2099-12-31 00:00:00","0.0078","False"
"5/4","5/56","2000-01-01 00:00:00","2099-12-31 00:00:00","0.00026","False"
"5/1","7/45","2000-01-01 00:00:00","2099-12-31 00:00:00","0.118","False"
"5/1","7/16","2000-01-01 00:00:00","2099-12-31 00:00:00","0.026","False"
"5/1","7/13","2000-01-01 00:00:00","2099-12-31 00:00:00","0.0118","False"
"5/1","7/95","2000-01-01 00:00:00","2099-12-31 00:00:00","0.0029","False"
"5/1","7/43","2000-01-01 00:00:00","2099-12-31 00:00:00","0.0018","False"
"1/1","7/2","2000-01-01 00:00:00","2099-12-31 00:00:00","0.715","False"
"1/1","7/6","2000-01-01 00:00:00","2099-12-31 00:00:00","0.4","False"
"1/2","7/6","2000-01-01 00:00:00","2099-12-31 00:00:00","0.21","False"
"1/6","7/1","2000-01-01 00:00:00","2099-12-31 00:00:00","0.18625","False"
"1/6","7/6","2000-01-01 00:00:00","2099-12-31 00:00:00","0.09675","False"
"1/8","7/1","2000-01-01 00:00:00","2099-12-31 00:00:00","0.3885","False"
"1/8","7/43","2000-01-01 00:00:00","2099-12-31 00:00:00","0.1665","False"
"1/8","7/15","2000-01-01 00:00:00","2099-12-31 00:00:00","0.01125","False"
"1/8","7/47","2000-01-01 00:00:00","2099-12-31 00:00:00","0.285","False"
"1/7","7/1","2000-01-01 00:00:00","2099-12-31 00:00:00","0.259","False"
"1/7","7/3","2000-01-01 00:00:00","2099-12-31 00:00:00","0.111","False"
"1/7","7/43","2000-01-01 00:00:00","2099-12-31 00:00:00","0.111","False"
"1/7","7/15","2000-01-01 00:00:00","2099-12-31 00:00:00","0.0075","False"
"3/1","7/2","2000-01-01 00:00:00","2099-12-31 00:00:00","0.0166","False"
"3/1","7/43","2000-01-01 00:00:00","2099-12-31 00:00:00","0.0084","False"
"3/1","7/15","2000-01-01 00:00:00","2099-12-31 00:00:00","0.00164","False"
"3/1","7/44","2000-01-01 00:00:00","2099-12-31 00:00:00","0.0164","False"
"3/1","7/16","2000-01-01 00:00:00","2099-12-31 00:00:00","0.0164","False"
"3/1","7/13","2000-01-01 00:00:00","2099-12-31 00:00:00","0.0044","False"
"2/7","7/2","2000-01-01 00:00:00","2099-12-31 00:00:00","0.038","False"
"2/7","7/15","2000-01-01 00:00:00","2099-12-31 00:00:00","0.00046","False"
"1/10","7/1","2000-01-01 00:00:00","2099-12-31 00:00:00","0.07652","False"
"1/11","7/1","2000-01-01 00:00:00","2099-12-31 00:00:00","0.07652","False"
"1/11","7/43","2000-01-01 00:00:00","2099-12-31 00:00:00","0.00306","False"
"1/11","7/15","2000-01-01 00:00:00","2099-12-31 00:00:00","0.00153","False"
"1/11","7/21","2000-01-01 00:00:00","2099-12-31 00:00:00","0.01148","False"
"1/11","7/6","2000-01-01 00:00:00","2099-12-31 00:00:00","0.0421","False"
"1/11","7/4","2000-01-01 00:00:00","2099-12-31 00:00:00","0.00077","False"
"1/9","7/1","2000-01-01 00:00:00","2099-12-31 00:00:00","0.259","False"
"1/9","7/15","2000-01-01 00:00:00","2099-12-31 00:00:00","0.0075","False"
"1/9","7/21","2000-01-01 00:00:00","2099-12-31 00:00:00","0.021","False"
"1/10","7/4","2000-01-01 00:00:00","2099-12-31 00:00:00","0.00077","False"
"1/6","7/43","2000-01-01 00:00:00","2099-12-31 00:00:00","0.0056","False"
"1/18","7/1","2000-01-01 00:00:00","2099-12-31 00:00:00","0.38889","False"
"1/18","7/15","2000-01-01 00:00:00","2099-12-31 00:00:00","0.00778","False"
"1/18","7/4","2000-01-01 00:00:00","2099-12-31 00:00:00","0.00194","False"
"1/18","7/11","2000-01-01 00:00:00","2099-12-31 00:00:00","0.00194","False"
"1/18","7/47","2000-01-01 00:00:00","2099-12-31 00:00:00","0.2178","False"
"2/7","7/42","2000-01-01 00:00:00","2099-12-31 00:00:00","0.001","False"
"2/2","7/2","2000-01-01 00:00:00","2099-12-31 00:00:00","0.038","False"
"2/2","7/43","2000-01-01 00:00:00","2099-12-31 00:00:00","0.00114","False"
"1/2","7/43","2000-01-01 00:00:00","2099-12-31 00:00:00","0.01","False"
"1/2","7/15","2000-01-01 00:00:00","2099-12-31 00:00:00","0.01","False"
"1/1","7/43","2000-01-01 00:00:00","2099-12-31 00:00:00","0.021","False"
