"Anyagazon","Anyagnev","ME","Egysegar","Afa","Csomegyseg","EANkod","Anyagcsoport","Kategoria","Besszam","Eltarthatosag","Rendelheto","Vasarolt","Eladasiar","Szallito","Info","Info2","Info3","Info4","Info5","Biztkeszlet","Teljido","UBA","AzonSr"
"7/18","Cortina","kg","393","18","","","0","","","","False","True","0","0","","","","","1","0","0","393","07018"
"7/19","Kakaós bevonómassza","kg","334","18","","","0","","","","False","True","0","0","","","","","1","0","0","334","07019"
"7/21","Felületi magkeverék","kg","470","18","","","0","","","","False","True","0","0","","","","","","0","0","470","07021"
"7/22","Szezámmag","kg","0","18","","","0","","","","False","True","0","0","","","","","","0","0","0","07022"
"7/23","Mák töltelék","kg","475","18","","","0","","","","False","True","0","0","","","","","","0","0","475","07023"
"7/24","Meggy töltelék","kg","0","18","","","0","","","","False","True","0","0","","","","","","0","0","0","07024"
"7/25","Kakaó","kg","700","18","","","0","","","","False","True","0","0","","","","","1","0","0","700","07025"
"7/26","Dejó","kg","0","18","","","0","","","","False","True","0","0","","","","","","0","0","0","07026"
"7/27","Zsír","kg","0","18","","","37","","","","False","True","0","0","","","","","1","0","0","0","07027"
"7/28","Almatöltlék","kg","0","18","","","0","","","","False","True","0","0","","","","","","0","0","0","07028"
"7/29","Tepertõ","kg","0","18","","","0","","","","False","True","0","0","","","","","","0","0","0","07029"
"7/30","Vegyesíz","kg","206","18","","","37","","","","False","True","0","0","","","","","","0","0","206","07030"
"7/31","Mandulás krémpor","kg","0","18","","","0","","","","False","True","0","0","","","","","","0","0","0","07031"
"7/32","Karamell krémpor","kg","0","18","","","0","","","","False","True","0","0","","","","","","0","0","0","07032"
"7/33","Fahéjas krémpor","kg","0","18","","","0","","","","False","True","0","0","","","","","","0","0","0","07033"
"7/34","Dekorsó","kg","0","18","","","0","","","","False","True","0","0","","","","","","0","0","0","07034"
"7/35","Porcukor","kg","206","18","","","0","","","","False","True","0","0","","","","","","0","0","206","07035"
"7/36","Étolaj","liter","172","18","","","0","","","","False","True","0","0","","","","","","0","0","172","07036"
"7/38","Mandula","kg","0","18","","","0","","","","False","True","0","0","","","","","","0","0","0","07038"
"7/39","Bors","kg","0","18","","","0","","","","False","True","0","0","","","","","","0","0","0","07039"
"7/40","Túró","kg","720","18","","","0","","","","False","True","0","0","","","","","","0","0","720","07040"
"7/41","Kalap papír","kg","1459","18","","","0","","","","False","True","0","0","","","","","1","0","0","1459","07041"
"7/42","Sajt","kg","692","18","","","0","","","","False","True","0","0","","","","","","0","0","692","07042"
"7/43","mi ez","kg","181","18","","","0","","","","True","True","0","0","","","","","1","0","0","181","07043"
"7/44","Sütõmargarin","kg","183","18","","","0","","","","False","True","0","0","","","","","1","0","0","183","07044"
"7/45","Leveles margarin","kg","193","18","","","0","","","","False","True","0","0","","","","","1","0","0","193","07045"
"7/46","Répa","kg","0","18","","","0","","","","False","True","0","0","","","","","","0","0","0","07046"
"7/47","Víz","liter","0","18","0","","37","","","","False","True","0","0","","","","","","0","0","0","07047"
"1/8","Rozsos kenyér 750 gr -os","db","0","18","","","0","","19059030","","True","False","0","0","","","","","1","0","0","0","01008"
"1/9","Többmagvas kenyér 500gr-os","db","0","18"," ","","0","","19059030","","True","False","0","0","","","","","1","0","0","0","01009"
"1/10","Többmagvas zsemle","db","0","18","130","","0","","19059030","","True","False","0","0","","","","","1","0","0","0","01010"
"1/11","Többmagvas kifli","db","0","18"," ","","0","","19059030","","True","False","0","0","","","","","1","0","0","0","01011"
"1/12","Mákos -szezámos kenyér","db","0","18"," ","","0","","19059030","","True","False","0","0","","","","","1","0","0","0","01012"
"1/13","Nagyi kenyere 1 kg-os","db","0","18","0","","0","","19059030","","True","False","0","0","","","","","1","0","0","0","01013"
"1/14","Nagyi kenyér 2 kg-os -szeletelt-","db","0","18","","","0","","19059030","","True","False","0","0","","","","","1","0","0","0","01014"
"2/1","Zsemle","db","0","18","0","","0","","19059090","","True","False","0","0","","","","","1","0","0","0","02001"
"2/2","Kovászos kifli","db","0","18","","","0","","19059090","","False","False","0","0","","","","","1","0","0","0","02002"
"2/3","Nagy kifli 10 dkg-os","db","0","18"," ","","0","","19059090","","True","False","0","0","","","","","1","0","0","0","02003"
"2/4","Sós nagykifli 12 dkg-os","db","0","18","0","","0","","19059090","","True","True","0","0","","","","","1","0","0","0","02004"
"2/6","Sajtos nagykifli 12 dkg-os?","db","0","18","","","0","","19059090","","False","False","0","0","","","","","1","0","0","0","02006"
"2/7","Sajtos kifli 6 dkg-os?","db","0","18","","","0","","19059090","","True","False","0","0","","","","","1","0","0","0","02007"
"2/8","Zsúrkenyér 500 gr-os","db","0","18","","","0","","19059030","","True","False","0","0","","","","","1","0","0","0","02008"
"2/9","Hot - Dog kifli","db","0","18","","","0","","19059030","","True","False","0","0","","","","","1","0","0","0","02009"
"3/1","Fonott kalács 0,250 gr","db","0","18","","","0","","19059060","","True","False","0","0","","","","","1","0","0","0","03001"
"7/100","Felújítás","db","28217","18","","","0","","","","False","True","0","0","","","","","1","0","0","28217","07100"
"3/2","Kakaós kuglóf 500 gr-os","db","0","18","","","0","","19059060","","True","False","0","0","","","","","1","0","0","0","03002"
"3/3","Mini kuglóf 120 gr-os","db","0","18"," ","","0","","19059060","","True","False","0","0","","","","","1","0","0","0","03003"
"3/4","Briós","db","0","18","","","0","","19059060","","True","False","0","0","","","","","","0","0","0","03004"
"3/5","Lekváros bukta","db","0","18","","","0","","19059060","","True","False","0","0","","","","","1","0","0","0","03005"
"3/6","Fonott kalács 500 gr-os","db","0","18","","","0","","19059060","","True","False","0","0","","","","","1","0","0","0","03006"
"3/7","Foszlós kalács 500 gr-os","db","0","18","","","0","","19059060","","True","False","0","0","","","","","1","0","0","0","03007"
"1/1","Szemesi kenyér 1 kg-os","db","0","18"," ","","0","","19059030","","True","False","0","0","","","","","1","0","0","0","01001"
"7/1","Élesztõ","kg","56","18","0","","0","","","","True","True","0","0","","","","","1","0","0","56","07001"
"7/2","Aktipán Plus","kg","86","18","0","","0","","","","False","True","0","0","","","","","1","0","0","86","07002"
"7/3","Kornino Mix","kg","75","18","","","0","","","","False","True","0","0","","","","","1","0","0","75","07003"
"7/4","v","kg","349","18","","","0","","","","False","True","0","1","","","","","1","3","3","349","07004"
"7/5","v","kg","681","18","v","","0","","","","False","True","0","1","","","","","1","3","3","681","07005"
"7/6","v","liter","2","18","","","0","","","","False","True","0","0","","","","","1","0","0","2","07006"
"1/2","Szemesi  kenyér 500 gr-os","db","0","18"," ","","0","","19059030","","True","False","0","0","","","","","1","0","0","0","01002"
"1/3","Szemesi kenyér 2 kg","db","0","18"," ","","0","","19059030","","True","False","0","0","","","","","1","0","0","0","01003"
"1/4","Nagyi kenyere 2 kg-os","db","0","18","0","","0","","919059030","","True","False","0","0","","","","","1","0","0","0","01004"
"1/5","Szemesi kenyér 750 gr-os ","db","0","18"," ","","0","","19059030","","False","False","0","0","","","","","1","0","0","0","01005"
"1/6","Szemesi cipó 0,250 gr","db","0","18"," ","","0","","19059090","","True","False","0","0","","","","","1","0","0","34.78","01006"
"1/7","Rozsos  kenyér 0,50 kg","db","0","18"," ","","0","","19059030","","True","False","0","0","","","","","1","0","0","0","01007"
"7/7","v","kg","451.2","18","","","0","","","","False","True","0","1","","","","","1","0","0","451.2","07007"
"7/8","v","kg","0","18","","","0","","","","False","True","0","1","","","","","1","0","0","0","07008"
"7/9","KÖENIG Mini Rex 4000 TR-FS  No.31.0.1505","db","0","18","","","37","","","","True","False","0","1","","","","","1","0","0","0","07009"
"7/10","Kozomaxx","kg","412","18","","","0","","","","False","True","0","1","","","","","1","0","0","412","07010"
"7/11","Vamiliás cukor","kg","0","18","","","37","","","","False","True","0","1","","","","","1","0","0","0","07011"
"7/12","Kelttésztakeverék","kg","0","18","","","0","","","","False","True","0","1","","","","","","0","0","0","07012"
"7/13","Tojáspor","kg","1440","18","","","0","","","","False","True","0","1","","","","","","0","0","1440","07013"
"7/14","Rumaroma","kg","0","18","","","0","","","","False","True","0","1","","","","","1","0","0","0","07014"
"7/15","Só","kg","32","18","","","0","","","","False","True","0","0","","","","","1","0","0","32","07015"
"7/16","Cukor","kg","181","18","","","0","","","","False","True","0","0","","","","","","0","0","181","07016"
"7/48","Graham liszt","kg","60","18","","","0","","","","False","True","0","0","","","","","","0","0","60","07048"
"7/68","Coassan fix","kg","667","18","","","0","","","","False","True","0","1","","","","","1","0","0","667","07068"
"3/8","Foszlós kalács 1000 gr -os","db","0","18","","","0","","19059060","","True","False","0","0","","","","","1","0","0","0","03008"
"3/9","Hamburger zsemle 10 dkg-os","db","0","18","","","0","","19059060","","True","False","0","0","","","","","1","0","0","0","03009"
"3/10","Hamburger zsemle 150 g-os","db","0","18","","","0","","19059060","","True","False","0","0","","","","","1","0","0","0","03010"
"3/11","Hamburger zsemle 200 g-os","db","0","18","","","0","","19059060","","True","False","0","0","","","","","1","0","0","0","03011"
"4/1","Mini sajtos pogácsa ?","db","0","18","","","0","","19059060","","False","False","0","0","","","","","1","0","0","0","04001"
"4/2","Mini pogácsa - szezámos-","db","0","18","","","0","","19059060","","True","False","0","0","","","","","1","0","0","0","04002"
"4/3","Kakaós kuglóf 1 kg-os (fehér)?","kg","0","18","","","0","","19059060","","False","False","0","0","","","","","1","0","0","0","04003"
"5/1","Sajtos rúd","db","0","18","","","0","","19059060","","True","False","0","0","","","","","","0","0","0","05001"
"5/2","Leveles túrós","db","0","18"," ","","0","","19059060","","True","False","0","0","","","","","1","0","0","0","05002"
"5/3","Leveles lekváros","db","0","18","","","0","","19059060","","True","False","0","0","","","","","","0","0","0","05003"
"5/4","Túrós rétes","db","0","18"," ","","0","","19059060","","True","False","0","0","","","","","1","0","0","0","05004"
"5/5","Mákos rétes","db","0","18","","","0","","19059060","","True","False","0","0","","","","","","0","0","0","05005"
"5/6","Meggyes rétes","db","0","18","","","0","","19059060","","True","False","0","0","","","","","","0","0","0","05006"
"5/7","Búrkifli meggyes","db","0","18","","","0","","19059060","","True","False","0","0","","","","","1","0","0","0","05007"
"5/8","Kakaós csiga","db","0","18","","","0","","19059060","","True","False","0","0","","","","","","0","0","0","05008"
"5/9","Fánk - lekváros -","db","0","18","","","0","","19059060","","False","False","0","0","","","","","1","0","0","0","05009"
"5/10","Nagyi kenyere ?","db","0","18","","","0","","19059030","","False","False","0","0","","","","","1","0","0","0","05010"
"5/13","Búrkifli mákos","db","0","18","","","0","","19059060","","True","False","0","0","","","","","1","0","0","0","05013"
"5/12","Csokoládés kuglóf 250 gr-os","db","0","18","","","0","","19059060","","True","False","0","0","","","","","1","0","0","0","05012"
"5/14","Pizzás csiga","db","0","18","","","0","","19059060","","True","False","0","0","","","","","","0","0","0","05014"
"6/1","Bl-55","kg","0","18","","","0","","90059060","","False","True","0","0","","","","","1","0","0","0","06001"
"6/2","BL-80","kg","0","18","","","0","","19059060","","True","True","0","0","","","","","1","0","0","0","06002"
"1/15","Perec","db","520","18","0","","0","","19059030","","True","True","0","0","","","","","1","0","0","520","01015"
"6/3","Rl -90","kg","0","18","","","0","","19059060","","False","True","0","0","","","","","1","0","0","0","06003"
