"rendszam","datum","elozoallas","mostaniallas","fogyasztas"
"JOV-030","2006-08-05 00:00:00","37888","38243","6500"
"JOV-030","2006-08-17 00:00:00","55829","56471","8926"
"JOV-030","2006-08-17 00:00:00","55829","56471","8926"
"JOV-030","2006-08-17 00:00:00","55829","56471","8926"
"JOV-030","2006-08-13 00:00:00","55829","56471","8926"
"JOV-030","2006-08-17 00:00:00","55829","56471","8926"
"JOV-030","2006-08-17 00:00:00","55829","56471","7184"
"JOV-030","2006-08-17 00:00:00","55829","56471","7200"
"JOV-030","2006-08-17 00:00:00","55829","56471","8926"
