"Vevoazon","Datum","Rendelestipus","Teljesitve","Nyomtatva","Rendelesszam","Szamlaazon","Igazolva","Nyugta"
"256","2017-02-01 00:00:00","1","True","True","119969","13223","False","False"
"8","2017-02-01 00:00:00","1","True","True","119970","13224","False","False"
"16","2017-02-01 00:00:00","1","True","True","119971","13225","False","False"
"274","2017-02-01 00:00:00","1","True","True","119972","13226","False","False"
"303","2017-02-01 00:00:00","1","True","True","119973","13228","False","False"
"124","2017-02-01 00:00:00","1","True","True","119974","13264","False","False"
"304","2017-02-01 00:00:00","1","True","True","119975","13229","False","False"
"65","2017-02-01 00:00:00","1","True","True","119976","0","False","False"
"361","2017-02-01 00:00:00","1","True","True","119977","0","False","False"
"172","2017-02-01 00:00:00","1","True","True","119978","0","False","False"
"257","2017-02-01 00:00:00","1","True","True","119979","0","False","False"
"115","2017-02-01 00:00:00","1","True","True","119980","13251","False","False"
"147","2017-02-01 00:00:00","1","True","True","119981","0","False","False"
"256","2017-01-31 00:00:00","1","True","False","119982","13223","False","False"
"115","2017-01-29 00:00:00","1","True","False","119983","13215","False","False"
"305","2017-02-01 00:00:00","1","True","True","119984","13252","False","False"
"53","2017-02-01 00:00:00","1","True","True","119985","13227","False","False"
"20","2017-02-02 00:00:00","1","True","False","119986","13331","False","False"
"309","2017-02-02 00:00:00","1","True","True","119987","0","False","False"
"256","2017-02-02 00:00:00","1","True","False","119988","13223","False","False"
"53","2017-02-03 00:00:00","1","True","True","120009","13227","False","False"
"8","2017-02-02 00:00:00","1","True","True","119989","13224","False","False"
"16","2017-02-02 00:00:00","1","True","False","119990","13225","False","False"
"274","2017-02-02 00:00:00","1","True","False","119991","13226","False","False"
"53","2017-02-02 00:00:00","1","True","True","119992","13227","False","False"
"303","2017-02-02 00:00:00","1","True","False","119993","13228","False","False"
"124","2017-02-02 00:00:00","1","True","False","119994","13264","False","False"
"304","2017-02-02 00:00:00","1","True","False","119995","13229","False","False"
"147","2017-02-02 00:00:00","1","True","False","119996","0","False","False"
"115","2017-02-02 00:00:00","1","True","False","119997","13251","False","False"
"257","2017-02-02 00:00:00","1","True","False","119998","0","False","False"
"172","2017-02-02 00:00:00","1","True","False","119999","0","False","False"
"361","2017-02-02 00:00:00","1","True","False","120000","0","False","False"
"65","2017-02-02 00:00:00","1","True","False","120001","0","False","False"
"305","2017-02-02 00:00:00","1","True","False","120002","13252","False","False"
"20","2017-02-03 00:00:00","1","True","False","120003","13331","False","False"
"309","2017-02-03 00:00:00","1","True","True","120004","0","False","False"
"256","2017-02-03 00:00:00","1","True","False","120005","13223","False","False"
"8","2017-02-03 00:00:00","1","True","True","120006","13224","False","False"
"16","2017-02-03 00:00:00","1","True","False","120007","13225","False","False"
"274","2017-02-03 00:00:00","1","True","False","120008","13226","False","False"
"303","2017-02-03 00:00:00","1","True","False","120010","13228","False","False"
"124","2017-02-03 00:00:00","1","True","False","120011","13264","False","False"
"304","2017-02-03 00:00:00","1","True","False","120012","13229","False","False"
"147","2017-02-03 00:00:00","1","True","False","120013","0","False","False"
"115","2017-02-03 00:00:00","1","True","False","120014","13251","False","False"
"257","2017-02-03 00:00:00","1","True","False","120015","0","False","False"
"172","2017-02-03 00:00:00","1","True","False","120016","0","False","False"
"361","2017-02-03 00:00:00","1","True","False","120017","0","False","False"
"65","2017-02-03 00:00:00","1","True","False","120018","0","False","False"
"305","2017-02-03 00:00:00","1","True","False","120019","13252","False","False"
"20","2017-02-04 00:00:00","1","True","False","120020","13331","False","False"
"309","2017-02-04 00:00:00","1","True","True","120021","0","False","False"
"16","2017-02-04 00:00:00","1","True","False","120022","13225","False","False"
"274","2017-02-04 00:00:00","1","True","False","120023","13226","False","False"
"53","2017-02-04 00:00:00","1","True","False","120024","13227","False","False"
"303","2017-02-04 00:00:00","1","True","False","120025","13228","False","False"
"124","2017-02-04 00:00:00","1","True","False","120026","13264","False","False"
"304","2017-02-04 00:00:00","1","True","False","120027","13229","False","False"
"19","2017-02-04 00:00:00","1","True","True","120028","13230","False","False"
"8","2017-02-04 00:00:00","1","True","True","120029","13224","False","False"
"256","2017-02-04 00:00:00","1","True","True","120030","13223","False","False"
"309","2017-02-05 00:00:00","1","True","True","120031","0","False","False"
"108","2017-02-06 00:00:00","1","True","False","120032","13256","False","False"
"108","2017-02-07 00:00:00","1","True","False","120033","13256","False","False"
"108","2017-02-08 00:00:00","1","True","False","120034","13256","False","False"
"108","2017-02-09 00:00:00","1","True","False","120035","13256","False","False"
"108","2017-02-10 00:00:00","1","True","False","120036","13256","False","False"
"108","2017-02-11 00:00:00","1","True","False","120037","13256","False","False"
"108","2017-02-12 00:00:00","1","True","False","120038","13256","False","False"
"108","2017-02-13 00:00:00","1","True","False","120039","13256","False","False"
"108","2017-02-14 00:00:00","1","True","False","120040","13256","False","False"
"108","2017-02-15 00:00:00","1","True","False","120041","13256","False","False"
"108","2017-02-16 00:00:00","1","True","False","120042","13256","False","False"
"108","2017-02-17 00:00:00","1","True","False","120043","13256","False","False"
"108","2017-02-18 00:00:00","1","True","False","120044","13256","False","False"
"108","2017-02-19 00:00:00","1","True","False","120045","13256","False","False"
"108","2017-02-20 00:00:00","1","True","False","120046","13256","False","False"
"108","2017-02-21 00:00:00","1","True","False","120047","13256","False","False"
"108","2017-02-22 00:00:00","1","True","False","120048","13256","False","False"
"108","2017-02-23 00:00:00","1","True","False","120049","13256","False","False"
"108","2017-02-24 00:00:00","1","True","False","120050","13256","False","False"
"108","2017-02-25 00:00:00","1","True","False","120051","13256","False","False"
"108","2017-02-26 00:00:00","1","True","False","120052","13256","False","False"
"108","2017-02-27 00:00:00","1","True","False","120053","13256","False","False"
"108","2017-02-28 00:00:00","1","True","False","120054","13256","False","False"
"162","2017-02-06 00:00:00","1","True","False","120055","13257","False","False"
"162","2017-02-07 00:00:00","1","True","False","120056","13257","False","False"
"162","2017-02-08 00:00:00","1","True","False","120057","13257","False","False"
"162","2017-02-09 00:00:00","1","True","False","120058","13257","False","False"
"162","2017-02-10 00:00:00","1","True","False","120059","13257","False","False"
"162","2017-02-11 00:00:00","1","True","False","120060","13257","False","False"
"162","2017-02-12 00:00:00","1","True","False","120061","13257","False","False"
"162","2017-02-13 00:00:00","1","True","False","120062","13257","False","False"
"162","2017-02-14 00:00:00","1","True","False","120063","13257","False","False"
"162","2017-02-15 00:00:00","1","True","False","120064","13257","False","False"
"162","2017-02-16 00:00:00","1","True","False","120065","13257","False","False"
"162","2017-02-17 00:00:00","1","True","False","120066","13257","False","False"
"162","2017-02-18 00:00:00","1","True","False","120067","13257","False","False"
"162","2017-02-19 00:00:00","1","True","False","120068","13257","False","False"
