"Felhazon","Szoveg","Raktarazon","Raktarazon2"
"62774","A Bejövõ anyag raktár készlete megrendelés teljesítés miatt megváltozott.","2","0"
"40010","A Bejövõ anyag raktár készlete megrendelés teljesítés miatt megváltozott.","2","0"
"57183","A Bejövõ anyag raktár készlete megrendelés teljesítés miatt megváltozott.","2","0"
"18257","A Bejövõ anyag raktár készlete megrendelés teljesítés miatt megváltozott.","2","0"
"73863","A Bejövõ anyag raktár készlete megrendelés teljesítés miatt megváltozott.","2","0"
"76750","A Bejövõ anyag raktár készlete megrendelés teljesítés miatt megváltozott.","2","0"
"93744","A Bejövõ anyag raktár készlete megrendelés teljesítés miatt megváltozott.","2","0"
"48072","A Bejövõ anyag raktár készlete megrendelés teljesítés miatt megváltozott.","2","0"
"69546","A Bejövõ anyag raktár készlete megrendelés teljesítés miatt megváltozott.","2","0"
"43454","A Bejövõ anyag raktár készlete megrendelés teljesítés miatt megváltozott.","2","0"
"49534","A Bejövõ anyag raktár készlete megrendelés teljesítés miatt megváltozott.","2","0"
"19146","A Bejövõ anyag raktár készlete megrendelés teljesítés miatt megváltozott.","2","0"
"53810","A Bejövõ anyag raktár készlete megrendelés teljesítés miatt megváltozott.","2","0"
"95936","A Bejövõ anyag raktár készlete megrendelés teljesítés miatt megváltozott.","2","0"
"92151","A Bejövõ anyag raktár készlete megrendelés teljesítés miatt megváltozott.","2","0"
"23520","A Bejövõ anyag raktár készlete megrendelés teljesítés miatt megváltozott.","2","0"
"51205","A Bejövõ anyag raktár készlete megrendelés teljesítés miatt megváltozott.","2","0"
"94680","A Bejövõ anyag raktár készlete megrendelés teljesítés miatt megváltozott.","2","0"
"8085","A Bejövõ anyag raktár készlete megrendelés teljesítés miatt megváltozott.","2","0"
"50641","A Bejövõ anyag raktár készlete megrendelés teljesítés miatt megváltozott.","2","0"
"13116","A Bejövõ anyag raktár készlete megrendelés teljesítés miatt megváltozott.","2","0"
"70831","A Bejövõ anyag raktár készlete megrendelés teljesítés miatt megváltozott.","2","0"
"94853","A Bejövõ anyag raktár készlete megrendelés teljesítés miatt megváltozott.","2","0"
"72116","A Bejövõ anyag raktár készlete megrendelés teljesítés miatt megváltozott.","2","0"
"4037","A Bejövõ anyag raktár készlete megrendelés teljesítés miatt megváltozott.","2","0"
"62631","A Bejövõ anyag raktár készlete megrendelés teljesítés miatt megváltozott.","2","0"
"21093","A Bejövõ anyag raktár készlete megrendelés teljesítés miatt megváltozott.","2","0"
"9468","A Bejövõ anyag raktár készlete megrendelés teljesítés miatt megváltozott.","2","0"
"64405","A Bejövõ anyag raktár készlete megrendelés teljesítés miatt megváltozott.","2","0"
"20453","A Bejövõ anyag raktár készlete megrendelés teljesítés miatt megváltozott.","2","0"
"21788","A Bejövõ anyag raktár készlete megrendelés teljesítés miatt megváltozott.","2","0"
"47403","A Bejövõ anyag raktár készlete megrendelés teljesítés miatt megváltozott.","2","0"
"11079","A Bejövõ anyag raktár készlete megrendelés teljesítés miatt megváltozott.","2","0"
"52510","A Bejövõ anyag raktár készlete megrendelés teljesítés miatt megváltozott.","2","0"
"31910","A Bejövõ anyag raktár készlete megrendelés teljesítés miatt megváltozott.","2","0"
"71252","A Bejövõ anyag raktár készlete megrendelés teljesítés miatt megváltozott.","2","0"
"48870","A Bejövõ anyag raktár készlete megrendelés teljesítés miatt megváltozott.","2","0"
"73304","A Bejövõ anyag raktár készlete megrendelés teljesítés miatt megváltozott.","2","0"
"61903","A Bejövõ anyag raktár készlete megrendelés teljesítés miatt megváltozott.","2","0"
"94793","A Bejövõ anyag raktár készlete megrendelés teljesítés miatt megváltozott.","2","0"
"39967","A Bejövõ anyag raktár készlete megrendelés teljesítés miatt megváltozott.","2","0"
"40069","A Bejövõ anyag raktár készlete megrendelés teljesítés miatt megváltozott.","2","0"
"12858","A Bejövõ anyag raktár készlete megrendelés teljesítés miatt megváltozott.","2","0"
"34115","A Bejövõ anyag raktár készlete megrendelés teljesítés miatt megváltozott.","2","0"
"77258","A Bejövõ anyag raktár készlete megrendelés teljesítés miatt megváltozott.","2","0"
"22584","A Bejövõ anyag raktár készlete megrendelés teljesítés miatt megváltozott.","2","0"
"88691","A Bejövõ anyag raktár készlete megrendelés teljesítés miatt megváltozott.","2","0"
"25410","A Bejövõ anyag raktár készlete megrendelés teljesítés miatt megváltozott.","2","0"
"39633","A Bejövõ anyag raktár készlete megrendelés teljesítés miatt megváltozott.","2","0"
"91558","A Bejövõ anyag raktár készlete megrendelés teljesítés miatt megváltozott.","2","0"
"41951","A Bejövõ anyag raktár készlete megrendelés teljesítés miatt megváltozott.","2","0"
"86087","A Bejövõ anyag raktár készlete megrendelés teljesítés miatt megváltozott.","2","0"
"11351","A Bejövõ anyag raktár készlete megrendelés teljesítés miatt megváltozott.","2","0"
"21869","A Bejövõ anyag raktár készlete megrendelés teljesítés miatt megváltozott.","2","0"
"64332","A Bejövõ anyag raktár készlete megrendelés teljesítés miatt megváltozott.","2","0"
"39358","A Bejövõ anyag raktár készlete megrendelés teljesítés miatt megváltozott.","2","0"
"87968","A Bejövõ anyag raktár készlete megrendelés teljesítés miatt megváltozott.","2","0"
"80882","A Bejövõ anyag raktár készlete megrendelés teljesítés miatt megváltozott.","2","0"
"46568","A Bejövõ anyag raktár készlete megrendelés teljesítés miatt megváltozott.","2","0"
"43890","A Bejövõ anyag raktár készlete megrendelés teljesítés miatt megváltozott.","2","0"
"83581","A Bejövõ anyag raktár készlete megrendelés teljesítés miatt megváltozott.","2","0"
"82750","A Bejövõ anyag raktár készlete megrendelés teljesítés miatt megváltozott.","2","0"
"5488","A Bejövõ anyag raktár készlete megrendelés teljesítés miatt megváltozott.","2","0"
"51963","A Bejövõ anyag raktár készlete megrendelés teljesítés miatt megváltozott.","2","0"
"59718","A Bejövõ anyag raktár készlete megrendelés teljesítés miatt megváltozott.","2","0"
"99577","A Bejövõ anyag raktár készlete megrendelés teljesítés miatt megváltozott.","2","0"
"58079","A Bejövõ anyag raktár készlete megrendelés teljesítés miatt megváltozott.","2","0"
"62667","A Bejövõ anyag raktár készlete megrendelés teljesítés miatt megváltozott.","2","0"
"93249","A Bejövõ anyag raktár készlete megrendelés teljesítés miatt megváltozott.","2","0"
"98478","A Bejövõ anyag raktár készlete megrendelés teljesítés miatt megváltozott.","2","0"
"58984","A Bejövõ anyag raktár készlete megrendelés teljesítés miatt megváltozott.","2","0"
"5558","A Bejövõ anyag raktár készlete megrendelés teljesítés miatt megváltozott.","2","0"
"4197","A Bejövõ anyag raktár készlete megrendelés teljesítés miatt megváltozott.","2","0"
"37227","A Bejövõ anyag raktár készlete megrendelés teljesítés miatt megváltozott.","2","0"
"9753","A Bejövõ anyag raktár készlete megrendelés teljesítés miatt megváltozott.","2","0"
"67965","A Bejövõ anyag raktár készlete megrendelés teljesítés miatt megváltozott.","2","0"
"83317","A Bejövõ anyag raktár készlete megrendelés teljesítés miatt megváltozott.","2","0"
"86734","A Bejövõ anyag raktár készlete megrendelés teljesítés miatt megváltozott.","2","0"
"93332","A Bejövõ anyag raktár készlete megrendelés teljesítés miatt megváltozott.","2","0"
"1048","A Bejövõ anyag raktár készlete megrendelés teljesítés miatt megváltozott.","2","0"
"65886","A Bejövõ anyag raktár készlete megrendelés teljesítés miatt megváltozott.","2","0"
"38560","A Bejövõ anyag raktár készlete megrendelés teljesítés miatt megváltozott.","2","0"
"18237","A Bejövõ anyag raktár készlete megrendelés teljesítés miatt megváltozott.","2","0"
"51811","A Bejövõ anyag raktár készlete megrendelés teljesítés miatt megváltozott.","2","0"
"94465","A Bejövõ anyag raktár készlete megrendelés teljesítés miatt megváltozott.","2","0"
"4831","A Bejövõ anyag raktár készlete megrendelés teljesítés miatt megváltozott.","2","0"
"75219","A Bejövõ anyag raktár készlete megrendelés teljesítés miatt megváltozott.","2","0"
"92324","A Bejövõ anyag raktár készlete megrendelés teljesítés miatt megváltozott.","2","0"
"31126","A Bejövõ anyag raktár készlete megrendelés teljesítés miatt megváltozott.","2","0"
"53","A Bejövõ anyag raktár készlete megrendelés teljesítés miatt megváltozott.","2","0"
"56776","A Bejövõ anyag raktár készlete megrendelés teljesítés miatt megváltozott.","2","0"
"50662","A Bejövõ anyag raktár készlete megrendelés teljesítés miatt megváltozott.","2","0"
"49548","A Bejövõ anyag raktár készlete megrendelés teljesítés miatt megváltozott.","2","0"
"67529","A Bejövõ anyag raktár készlete megrendelés teljesítés miatt megváltozott.","2","0"
"23597","A Bejövõ anyag raktár készlete megrendelés teljesítés miatt megváltozott.","2","0"
"76448","A Bejövõ anyag raktár készlete megrendelés teljesítés miatt megváltozott.","2","0"
"35095","A Bejövõ anyag raktár készlete megrendelés teljesítés miatt megváltozott.","2","0"
"81585","A Bejövõ anyag raktár készlete megrendelés teljesítés miatt megváltozott.","2","0"
"52162","A Bejövõ anyag raktár készlete megrendelés teljesítés miatt megváltozott.","2","0"
"42260","A Bejövõ anyag raktár készlete megrendelés teljesítés miatt megváltozott.","2","0"
